{"_runtime": 94658.4421300888, "_timestamp": 1665828643.3973513, "vqa": {"val_score": 65.44865042979754}, "_step": 1389}
