{"vqa": {"val_score": 0.0}, "_step": 8, "_runtime": 767.8372666835785, "_timestamp": 1668545508.5954156, "snli-ve": {"loss": 18889.115234375}}
