{"_runtime": 20233.56375837326, "_timestamp": 1668135859.0857801, "snli-ve": {"dev_score": 74.56602083100012}, "_step": 165}
