{"_timestamp": 1668398176.3324506, "vqa": {"val_score": 67.19869938001905}, "_runtime": 68712.02111196518, "_step": 694}
