{"vqa": {"loss": 3.7479872703552246}, "_step": 60, "_timestamp": 1668333317.5766416, "_runtime": 4011.2657380104065}
