{"_step": 165, "_runtime": 13757.784739255905, "snli-ve": {"dev_score": 74.2076380333744}, "_timestamp": 1668061486.189592}
