{"_step": 138, "vqa": {"val_score": 63.67933430064795}, "_timestamp": 1668131801.960503, "_runtime": 16195.515935897827}
