{"_step": 0, "_timestamp": 1668556779.4894574, "vqa": {"loss": 7.880758762359619}, "_runtime": 93.4859938621521}
