{"_step": 2, "_timestamp": 1668584817.2662883, "vqa": {"loss": 303.6625061035156}, "_runtime": 150.18156456947327}
