{"_runtime": 194.80657935142517, "_timestamp": 1668497137.5352144, "vqa": {"val_score": 0.0001399554064402479}, "_step": 3, "snli-ve": {"dev_score": 9.08836375853959}}
