{"_runtime": 108.2367672920227, "_timestamp": 1668556152.8263075, "vqa": {"loss": 6.957562446594238}, "_step": 1}
