{"_step": 165, "snli-ve": {"dev_score": 74.34763131369694}, "_runtime": 13691.128166437149, "_timestamp": 1668147943.8035326}
