{"_runtime": 1849.2656722068787, "snli-ve": {"loss": 0.7243998646736145}, "_step": 11, "_timestamp": 1668331316.532761}
