{"_runtime": 91.15240406990051, "_timestamp": 1667976826.027906, "vqa": {"loss": 1673.6976318359375}, "_step": 0}
