{"vqa": {"loss": 2.702144145965576}, "_timestamp": 1668557807.7643614, "_step": 5, "_runtime": 252.39224910736084}
