{"_runtime": 324.09171986579895, "vqa": {"loss": 882.8104248046875}, "_step": 5, "_timestamp": 1665736664.014292}
