{"_runtime": 32.37619352340698, "_step": 0, "vqa": {"val_score": 0.0}, "_timestamp": 1668133472.3931026}
