{"_runtime": 149329.53480625153, "_timestamp": 1668641685.6630228, "vqa": {"val_score": 67.03467163532908}, "_step": 1192, "snli-ve": {"dev_score": 75.30518535110315}}
