{"_step": 138, "_runtime": 22504.505467891693, "_timestamp": 1668050154.8725798, "vqa": {"val_score": 63.18016004774598}}
