{"vqa": {"loss": 6.65200138092041}, "_timestamp": 1668134052.1608577, "_runtime": 972.0395328998566, "_step": 10}
