{"vqa": {"loss": 4.507695198059082}, "_timestamp": 1668556456.6873596, "_runtime": 241.2259738445282, "_step": 5}
