{"_runtime": 40450.6624276638, "vqa": {"val_score": 63.893606039948246}, "_step": 304, "_timestamp": 1668532983.9439528, "snli-ve": {"dev_score": 74.68921491768396}}
