{"_runtime": 28.041200876235962, "_step": 0, "vqa": {"val_score": 0.0}, "_timestamp": 1668134018.3750412}
