{"vqa": {"loss": 3.4408304691314697}, "_step": 2, "_runtime": 157.63839173316956, "_timestamp": 1668557179.5061097}
