{"_runtime": 10209.623928546906, "_step": 137, "vqa": {"loss": 4.031548500061035}, "_timestamp": 1667987082.8404057}
