{"_step": 12, "_runtime": 511.9329025745392, "_timestamp": 1668571157.926313, "vqa": {"loss": 3.110384464263916}}
