{"_step": 3, "vqa": {"loss": 4.544984817504883}, "_runtime": 197.58491158485413, "_timestamp": 1668555838.6513493}
