{"_timestamp": 1668027594.6743045, "_runtime": 815.8950250148773, "_step": 7, "vqa": {"loss": 8.218650817871094}}
