{"_step": 137, "vqa": {"loss": 3.1877102851867676}, "_timestamp": 1668080819.4889686, "_runtime": 13870.30731678009}
