{"_timestamp": 1668555967.845281, "_runtime": 102.5995659828186, "_step": 1, "vqa": {"loss": 8.489127159118652}}
