{"_timestamp": 1666163673.5604534, "_step": 208, "vqa": {"loss": 3.690469741821289}, "_runtime": 31049.312322616577}
