{"vqa": {"val_score": 63.35123214549768}, "_runtime": 26221.663545370102, "_step": 204, "_timestamp": 1668571813.326328, "snli-ve": {"loss": 13000.16796875}}
