{"vqa": {"loss": 1804.724365234375}, "_runtime": 160.3672890663147, "_step": 0, "_timestamp": 1668493433.0095341}
