{"vqa": {"loss": 3.436058282852173}, "_runtime": 572.0943038463593, "_timestamp": 1668558483.2775304, "_step": 6}
