{"_step": 138, "vqa": {"val_score": 63.19485536750771}, "_timestamp": 1668006791.658034, "_runtime": 19525.728925466537}
