{"vqa": {"loss": 4.694957256317139}, "_step": 5, "_timestamp": 1668557403.762255, "_runtime": 248.72498440742493}
