{"_step": 497, "_runtime": 41125.50868391991, "_timestamp": 1668372513.9247177, "snli-ve": {"dev_score": 75.57397244932244}}
