{"_timestamp": 1668487350.9143116, "_step": 1192, "vqa": {"val_score": 67.05664465613526}, "_runtime": 153919.23516082764, "snli-ve": {"dev_score": 75.03079852167096}}
