{"vqa": {"val_score": 0.0}, "_runtime": 118.54141426086426, "_timestamp": 1668500293.5217168, "_step": 1}
