{"_timestamp": 1668152173.437795, "_step": 138, "vqa": {"val_score": 63.56984252900858}, "_runtime": 17354.552862405777}
