{"_runtime": 217.96399188041687, "_step": 3, "_timestamp": 1665738466.1696396, "vqa": {"loss": 1458.6883544921875}}
