{"_runtime": 3701.976054430008, "_timestamp": 1668588836.6911588, "_step": 96, "vqa": {"loss": 3.346998453140259}}
