{"snli-ve": {"loss": 0.49479204416275024}, "_timestamp": 1668085064.2353404, "_runtime": 17673.0943608284, "_step": 164}
