{"vqa": {"loss": 5.992892742156982}, "_step": 3, "_runtime": 134.3304991722107, "_timestamp": 1668556602.889132}
