{"_step": 7, "_timestamp": 1665736174.1026256, "_runtime": 493.48128604888916, "vqa": {"loss": 456.05999755859375}}
