{"vqa": {"val_score": 0.012922548870238757}, "_runtime": 80714.55978798866, "_timestamp": 1665811838.0784438, "_step": 1389}
