{"_timestamp": 1668621720.100443, "_step": 13, "vqa": {"loss": 2.4294090270996094}, "_runtime": 717.0574934482574}
