{"_timestamp": 1665735155.543024, "vqa": {"loss": 2.8184008598327637}, "_step": 137, "_runtime": 6736.728378295898}
