{"_step": 8, "vqa": {"loss": 2.697791814804077}, "_timestamp": 1668555613.6451492, "_runtime": 633.9052107334137}
