{"_timestamp": 1668133807.0139756, "_runtime": 27.452796936035156, "vqa": {"val_score": 0.0}, "_step": 0}
