{"_step": 11, "_runtime": 961.0797257423401, "_timestamp": 1668134052.7371676, "snli-ve": {"loss": 0.6595345735549927}}
