{"_runtime": 597.7767357826233, "vqa": {"loss": 2.537802219390869}, "_step": 13, "_timestamp": 1668567915.8780785}
